<?xml version="1.0" encoding="UTF-8"?>
<project-private xmlns="http://www.netbeans.org/ns/project-private/1">
    <editor-bookmarks xmlns="http://www.netbeans.org/ns/editor-bookmarks/2" lastBookmarkId="0"/>
    <open-files xmlns="http://www.netbeans.org/ns/projectui-open-files/2">
        <group>
            <file>file:/C:/Users/donmo/OneDrive/Escritorio/Uroz_LealdeIbarra_Diego_PROG_Tarea06-master/Uroz_LealdeIbarra_Diego_PROG_Tarea06-master/src/alquilervehiculos/mvc/modelo/dominio/vehiculo/DeCarga.java</file>
            <file>file:/C:/Users/donmo/OneDrive/Escritorio/Uroz_LealdeIbarra_Diego_PROG_Tarea06-master/Uroz_LealdeIbarra_Diego_PROG_Tarea06-master/src/alquilervehiculos/mvc/modelo/dominio/vehiculo/Vehiculo.java</file>
            <file>file:/C:/Users/donmo/OneDrive/Escritorio/Uroz_LealdeIbarra_Diego_PROG_Tarea06-master/Uroz_LealdeIbarra_Diego_PROG_Tarea06-master/src/alquilervehiculos/mvc/controlador/ControladorAlquilerTurismos.java</file>
            <file>file:/C:/Users/donmo/OneDrive/Escritorio/Uroz_LealdeIbarra_Diego_PROG_Tarea06-master/Uroz_LealdeIbarra_Diego_PROG_Tarea06-master/src/alquilervehiculos/mvc/modelo/dominio/vehiculo/DatosTecnicosVehiculo.java</file>
            <file>file:/C:/Users/donmo/OneDrive/Escritorio/Uroz_LealdeIbarra_Diego_PROG_Tarea06-master/Uroz_LealdeIbarra_Diego_PROG_Tarea06-master/src/alquilervehiculos/mvc/modelo/dominio/DireccionPostal.java</file>
            <file>file:/C:/Users/donmo/OneDrive/Escritorio/Uroz_LealdeIbarra_Diego_PROG_Tarea06-master/Uroz_LealdeIbarra_Diego_PROG_Tarea06-master/src/alquilervehiculos/mvc/modelo/dominio/Alquiler.java</file>
            <file>file:/C:/Users/donmo/OneDrive/Escritorio/Uroz_LealdeIbarra_Diego_PROG_Tarea06-master/Uroz_LealdeIbarra_Diego_PROG_Tarea06-master/src/alquilervehiculos/mvc/modelo/dominio/vehiculo/TipoVehiculo.java</file>
            <file>file:/C:/Users/donmo/OneDrive/Escritorio/Uroz_LealdeIbarra_Diego_PROG_Tarea06-master/Uroz_LealdeIbarra_Diego_PROG_Tarea06-master/src/alquilervehiculos/mvc/modelo/dominio/vehiculo/Autobus.java</file>
            <file>file:/C:/Users/donmo/OneDrive/Escritorio/Uroz_LealdeIbarra_Diego_PROG_Tarea06-master/Uroz_LealdeIbarra_Diego_PROG_Tarea06-master/src/alquilervehiculos/mvc/modelo/dao/Alquileres.java</file>
            <file>file:/C:/Users/donmo/OneDrive/Escritorio/Uroz_LealdeIbarra_Diego_PROG_Tarea06-master/Uroz_LealdeIbarra_Diego_PROG_Tarea06-master/src/alquilervehiculos/aplicacion/Principal.java</file>
            <file>file:/C:/Users/donmo/OneDrive/Escritorio/Uroz_LealdeIbarra_Diego_PROG_Tarea06-master/Uroz_LealdeIbarra_Diego_PROG_Tarea06-master/src/alquilervehiculos/mvc/modelo/ModeloAlquilerVehiculos.java</file>
            <file>file:/C:/Users/donmo/OneDrive/Escritorio/Uroz_LealdeIbarra_Diego_PROG_Tarea06-master/Uroz_LealdeIbarra_Diego_PROG_Tarea06-master/src/alquilervehiculos/mvc/modelo/dao/Vehiculos.java</file>
            <file>file:/C:/Users/donmo/OneDrive/Escritorio/Uroz_LealdeIbarra_Diego_PROG_Tarea06-master/Uroz_LealdeIbarra_Diego_PROG_Tarea06-master/src/alquilervehiculos/mvc/modelo/dominio/vehiculo/Turismo.java</file>
            <file>file:/C:/Users/donmo/OneDrive/Escritorio/Uroz_LealdeIbarra_Diego_PROG_Tarea06-master/Uroz_LealdeIbarra_Diego_PROG_Tarea06-master/src/alquilervehiculos/mvc/vista/IVistaAlquilerVehiculos.java</file>
            <file>file:/C:/Users/donmo/OneDrive/Escritorio/Uroz_LealdeIbarra_Diego_PROG_Tarea06-master/Uroz_LealdeIbarra_Diego_PROG_Tarea06-master/src/alquilervehiculos/mvc/modelo/IModeloAlquilerVehiculos.java</file>
            <file>file:/C:/Users/donmo/OneDrive/Escritorio/Uroz_LealdeIbarra_Diego_PROG_Tarea06-master/Uroz_LealdeIbarra_Diego_PROG_Tarea06-master/src/alquilervehiculos/mvc/vista/utilidades/Entrada.java</file>
            <file>file:/C:/Users/donmo/OneDrive/Escritorio/Uroz_LealdeIbarra_Diego_PROG_Tarea06-master/Uroz_LealdeIbarra_Diego_PROG_Tarea06-master/src/alquilervehiculos/mvc/modelo/dao/Clientes.java</file>
            <file>file:/C:/Users/donmo/OneDrive/Escritorio/Uroz_LealdeIbarra_Diego_PROG_Tarea06-master/Uroz_LealdeIbarra_Diego_PROG_Tarea06-master/src/alquilervehiculos/mvc/modelo/dominio/Cliente.java</file>
            <file>file:/C:/Users/donmo/OneDrive/Escritorio/Uroz_LealdeIbarra_Diego_PROG_Tarea06-master/Uroz_LealdeIbarra_Diego_PROG_Tarea06-master/src/alquilervehiculos/mvc/vista/Opcion.java</file>
            <file>file:/C:/Users/donmo/OneDrive/Escritorio/Uroz_LealdeIbarra_Diego_PROG_Tarea06-master/Uroz_LealdeIbarra_Diego_PROG_Tarea06-master/src/alquilervehiculos/mvc/vista/IUTextual.java</file>
            <file>file:/C:/Users/donmo/OneDrive/Escritorio/Uroz_LealdeIbarra_Diego_PROG_Tarea06-master/Uroz_LealdeIbarra_Diego_PROG_Tarea06-master/src/alquilervehiculos/mvc/vista/utilidades/Consola.java</file>
            <file>file:/C:/Users/donmo/OneDrive/Escritorio/Uroz_LealdeIbarra_Diego_PROG_Tarea06-master/Uroz_LealdeIbarra_Diego_PROG_Tarea06-master/src/alquilervehiculos/mvc/controlador/IControladorAlquilerVehiculos.java</file>
            <file>file:/C:/Users/donmo/OneDrive/Escritorio/Uroz_LealdeIbarra_Diego_PROG_Tarea06-master/Uroz_LealdeIbarra_Diego_PROG_Tarea06-master/src/alquilervehiculos/mvc/modelo/dominio/ExcepcionAlquilerVehiculos.java</file>
        </group>
    </open-files>
</project-private>
